[
  {
    "id": "b6a5e735-4cd2-473c-91e9-2b3686794199",
    "text": "Odit quis ad mollitia rerum eum quia molestiae totam illo. Enim suscipit fuga nostrum. Fugiat quis unde. Itaque nesciunt et tenetur ut eum totam consequuntur perspiciatis. Aut ut qui consectetur.\n \rEos velit hic esse magnam. At qui id perferendis repudiandae dignissimos est eius magnam. Vel ducimus ea voluptatem repellat.\n \rEt perferendis quod ipsum quis. Est harum nulla quia iste unde soluta perferendis. Fugit ipsum labore occaecati quod laboriosam veniam. Dolorem sunt iusto iste omnis id rerum nihil.",
    "htmlText": "<p>Porro ab dignissimos beatae. Et molestiae error ipsum velit amet quidem tempora.</p><h2>dignissimos iure itaque</h2><p>Reiciendis voluptatem minus quod voluptates qui minus. Voluptas necessitatibus vel voluptas et labore nesciunt.</p><p>Aperiam quis eaque ratione error. Nesciunt ipsam molestiae doloremque dolorem cumque asperiores voluptatibus reprehenderit deserunt. Perferendis asperiores voluptatem in voluptatem sunt quis beatae.</p><p>Debitis aliquam in sequi. Quasi quibusdam dicta harum debitis. Aliquid numquam dolores.</p><h2>aspernatur laborum ipsum</h2><p>Nesciunt iusto nulla qui quo quia. Rerum voluptas ut voluptate pariatur.</p><p>Nostrum eligendi deserunt. Suscipit officia impedit sed ut amet. Laboriosam dignissimos ullam omnis. Ut sed vel aperiam omnis natus.</p><p>Eos error soluta consequatur neque. Quos eaque ut. Magni accusantium optio dignissimos ex veniam sint. Enim assumenda modi. Repellendus laborum assumenda voluptatem debitis nulla libero.</p><h2>adipisci neque velit</h2><p>Soluta ut nihil. Ad qui aut cupiditate. Voluptatem quaerat enim eaque dolor debitis. Reiciendis incidunt nulla. Minus eligendi omnis odio aut cumque qui modi at. Officia debitis voluptate impedit mollitia.</p><p>Consequatur vel voluptate necessitatibus in harum corporis fugit molestiae. Dolor voluptate porro in dignissimos similique repellat autem.</p><p>Reiciendis neque odit. Ratione doloribus eius dignissimos voluptatem corporis doloribus nihil. Rem vero adipisci exercitationem quidem rerum possimus vitae. Dolorem accusamus molestiae magni eos eaque sunt molestiae. Qui ut necessitatibus et. Aperiam dolor ipsa id temporibus nobis quos quae illum.</p>",
    "slug": "fuga-nam-architecto",
    "title": "fuga nam architecto",
    "comments": []
  },
  {
    "id": "7e11762a-751f-42c3-b01b-88ee991c827c",
    "text": "Et tempore reprehenderit dolore ipsam pariatur cumque sunt vel deleniti. Eveniet hic quia optio corporis vel rerum nostrum. Quia optio culpa numquam. Ducimus qui magni. Modi laborum amet.\n \rQuae quod autem aliquid ipsa quos. Sit voluptatibus et praesentium vel distinctio adipisci id delectus enim. Distinctio fugit qui numquam velit eligendi sapiente.\n \rMolestias maiores ipsum minima voluptates. Et vero sit rerum aperiam quae quidem. Aut et voluptatum sunt consectetur. Mollitia consectetur enim unde aut nulla quod aliquid odit. Aspernatur suscipit neque sit suscipit autem aut. Quod sit nisi aut.",
    "htmlText": "<p>Eligendi et vel quibusdam molestias quibusdam. Non molestiae explicabo et autem. Sit voluptas quod non dolor nemo velit explicabo perferendis. Recusandae quis vero eum.</p><h2>sapiente beatae asperiores</h2><p>Libero unde nostrum. Dolor et distinctio. Voluptatibus modi culpa fugiat. Aperiam officia voluptates praesentium nam voluptates. Consequatur nam voluptatum dignissimos.</p><p>Et aut reiciendis reiciendis. Quia laborum illo itaque doloribus ut excepturi numquam. Aut incidunt est et rem. Tenetur est aut sapiente excepturi natus. Quaerat earum debitis corrupti aut magnam qui mollitia. Iure dolores officia ipsum.</p><p>Voluptatem consectetur aliquid officia ullam est. Cupiditate molestiae non in tenetur vel. Doloremque fugit quasi tenetur culpa eos neque adipisci voluptatum at. Eum qui quia mollitia ut quis velit repellat rerum sequi.</p><h2>ut voluptatum harum</h2><p>Labore aliquid voluptate dolor cupiditate odio suscipit accusamus. Veniam vel officiis minima rem enim optio velit qui rerum. Eveniet sit quis molestiae qui placeat. Maxime aut nesciunt perspiciatis ullam ab unde. Enim unde et ducimus quae est. Et dolores alias velit accusantium eum sit quidem omnis.</p><p>Temporibus in quos sed nulla illum. Qui corporis soluta odit vero fugiat corrupti ea ut. Dolor sint numquam placeat est ea cupiditate repudiandae.</p><p>Aperiam non ea aliquid est iusto eaque repellat sunt. Modi accusantium sit sint autem perferendis animi qui est itaque.</p><h2>aspernatur est ab</h2><p>Qui quasi numquam perferendis optio eveniet dolor repellat quis. Quaerat facere exercitationem et perspiciatis.</p><p>Asperiores nihil non corrupti. Exercitationem dicta magnam qui sed animi adipisci dolorum. Cum soluta explicabo vel consequatur ducimus temporibus culpa dolore veritatis. Debitis excepturi fugiat autem perferendis. Ut in exercitationem pariatur numquam nostrum molestias neque optio.</p><p>Totam enim natus dolores. Consequatur voluptatem qui eos fuga delectus. Architecto laboriosam doloribus vel placeat iusto voluptatem dolores. Hic temporibus nihil dignissimos. Velit est dolorem tenetur.</p>",
    "slug": "nihil-debitis-perspiciatis",
    "title": "nihil debitis perspiciatis",
    "comments": []
  },
  {
    "id": "e5a83cf3-9337-4525-ad8b-4e1d9b0ff155",
    "text": "Totam aut nulla iusto voluptas dolore neque quo corporis est. Exercitationem magnam ratione voluptatem error molestiae temporibus odit. Animi atque molestiae veritatis laudantium aliquid quae. Error optio atque consequuntur laudantium ullam libero aliquam vel.\n \rError enim temporibus incidunt. Ut quaerat rerum. Et qui corrupti. Pariatur facilis eum eum eveniet qui sunt voluptatem quas esse.\n \rCommodi repellat beatae expedita impedit. Debitis perspiciatis nobis voluptas molestiae. Non recusandae quos incidunt nam corporis aut veritatis porro culpa. Laborum sunt adipisci in alias fugiat possimus. Vel eum reprehenderit voluptate blanditiis optio eos.",
    "htmlText": "<p>Laudantium qui debitis occaecati nihil suscipit. Voluptas adipisci non accusantium ipsam omnis. Ullam omnis cumque repellat voluptates temporibus earum dolor. Sint blanditiis sed ut omnis. Aliquid natus dolores. Sint deserunt sapiente.</p><h2>blanditiis id ex</h2><p>Voluptatem impedit ullam dignissimos ad sequi nihil iusto dolore. Neque qui qui voluptate et. Libero dolore cupiditate qui sapiente quia. Adipisci ullam rerum et quidem ab eos ad. Et reiciendis in aut totam ratione.</p><p>Quos qui ut vero. Nostrum est eum odio rerum accusamus ex ut nam.</p><p>Sequi quia magnam id ut earum culpa quia soluta alias. Quia quasi quod porro itaque neque aliquam inventore sapiente. Eaque eligendi itaque nisi et consequatur nobis amet dicta quia. Vero esse qui saepe. Harum soluta sit cupiditate nam voluptatem aperiam et. Voluptatem dolores ipsa.</p><h2>dolorum dolore voluptatem</h2><p>Sit ratione nesciunt molestiae. Autem culpa nostrum vero ipsum vel error. Molestias dolores nihil similique itaque. Quae quae iste quia et at dolor. Minus quia exercitationem aut iure omnis. Porro natus veniam et deserunt perferendis.</p><p>Quia rem ab quas voluptatem est earum rerum. Voluptate tempora unde incidunt et provident qui eum. Debitis et at repudiandae rerum voluptate aut maxime ducimus incidunt.</p><p>Odit quae rem sunt unde accusantium quia consequatur consectetur ut. Et est minus animi ea quaerat officiis et. Enim asperiores rem et harum consequatur sit.</p><h2>debitis officiis aliquid</h2><p>Dignissimos amet repellat ducimus velit ea molestias maxime in. Quia provident molestias expedita voluptatum possimus dolorem vitae non quas. Sed atque magni earum repellendus repellendus rem error aut. Voluptas voluptatem iusto deleniti placeat qui ea asperiores quis.</p><p>Consequatur eligendi quas ut impedit et ullam incidunt nesciunt. Architecto cumque enim dolorem repudiandae autem facilis dolore amet architecto. Quibusdam labore facere velit maxime. Nobis excepturi aperiam nam fuga ut quibusdam nemo excepturi est. Explicabo minima quas optio harum officia.</p><p>Saepe repudiandae mollitia eos et corrupti voluptatum. Eaque nihil sunt aspernatur occaecati cumque officia ut repudiandae. Pariatur rerum exercitationem dolorem sapiente suscipit.</p>",
    "slug": "est-sit-ducimus",
    "title": "est sit ducimus",
    "comments": []
  },
  {
    "id": "298318d3-c7e4-4242-bb99-95adbcb52c2d",
    "text": "Porro cumque odio commodi. Harum eligendi ea aliquam fugit sunt. Voluptatem suscipit eum repudiandae aut. Minus autem rem suscipit velit consequatur.\n \rSimilique saepe incidunt. Eius ratione aliquam voluptas et dolores ipsum eligendi voluptates quos. Delectus voluptatum doloribus iusto vitae doloribus. Dolorum consequatur repudiandae sed eum id fugit adipisci. Minima commodi aut optio. Nostrum sunt ut et autem repellat voluptates nihil molestiae.\n \rFuga earum quis quidem qui et aut voluptatem. Aut tenetur nisi debitis aut error itaque. Aut repellendus aspernatur. Mollitia eos dicta voluptas ut ullam. Explicabo et voluptas at consequatur iusto porro libero incidunt libero. Ratione voluptas est.",
    "htmlText": "<p>Odio eum ut dolorem reprehenderit consequatur. Quisquam sunt temporibus voluptatem necessitatibus modi voluptatem. Cupiditate quibusdam reprehenderit. Dolor maiores quis.</p><h2>excepturi est quo</h2><p>Ut repellendus corporis veniam. Ea rerum quia repudiandae a ut atque accusamus. Sed repudiandae eos quo. Unde exercitationem maxime aliquid. Possimus occaecati totam deleniti mollitia optio non. Dolorem quo eligendi reprehenderit voluptates ipsam.</p><p>Consequatur illum voluptate occaecati sed. Exercitationem deserunt quos omnis saepe aliquam iusto laborum. Ad adipisci earum.</p><p>Corrupti sapiente velit illo unde sit omnis. Eius nemo eum ea id.</p><h2>et aperiam quae</h2><p>Aut error qui in error. Et aut magni deleniti sed ut ullam accusantium. Rerum quo optio dicta magni qui ut. Optio beatae corporis sequi. Similique et ex nostrum consectetur qui tempore voluptas aut.</p><p>Asperiores asperiores sit et ad repellendus. Sapiente modi est iste aspernatur itaque aut dolore perferendis velit. Aperiam fuga rerum numquam aliquid aliquid illo excepturi nam. Rerum maiores aut ut qui dicta. Quis error praesentium qui culpa.</p><p>Corporis voluptatum magnam pariatur. Harum dolor laudantium similique iste aut doloremque. Ipsa molestiae quia dolores. Nisi officia voluptas quia nulla praesentium expedita. Inventore tenetur ut quae tempore tempora ut animi velit.</p><h2>delectus voluptatem est</h2><p>Sit modi sit laudantium dolores tempora eveniet soluta officia ut. Sapiente aut rerum. Ea nostrum repellat mollitia sunt et laborum dolorum.</p><p>Qui nihil eos assumenda placeat veniam necessitatibus ea et explicabo. Et saepe sequi rem consequatur sed nisi sint.</p><p>Incidunt doloribus veritatis. Iste nisi expedita nam accusamus.</p>",
    "slug": "est-sint-ad",
    "title": "est sint ad",
    "comments": []
  },
  {
    "id": "0a686526-65f4-4723-8250-334d28ef4896",
    "text": "Officiis provident dolorem iure nemo autem perferendis sequi vero aliquam. Perferendis odio non distinctio omnis. Enim distinctio fugit.\n \rCommodi inventore praesentium dolore quae placeat quis quo consequatur. Sit sit quaerat sed. Nihil illo ullam sapiente quas. Non mollitia sapiente voluptatem minus et corrupti officiis ea. Omnis repellat earum aliquam quo quis sit vel pariatur inventore. Odio doloribus at qui vero voluptatem nisi voluptate dolor.\n \rTotam consequatur cum in dolorum rerum maiores. Culpa maiores occaecati beatae perspiciatis commodi eaque alias perspiciatis. Quod autem earum et. Consectetur in sed dolorem enim exercitationem. Aut facilis vel enim pariatur sint rem aperiam. Autem rerum quasi harum quisquam qui inventore.",
    "htmlText": "<p>Qui nam perferendis reprehenderit ut ut eaque omnis. Delectus earum sed autem ducimus qui rerum nostrum. Ea qui voluptate dolorum atque qui officia. Voluptatem est quos voluptatum ea rerum. Provident delectus nam atque odit accusamus quo porro quia error. Architecto recusandae cupiditate.</p><h2>ut et rerum</h2><p>Nulla maiores nobis consequatur asperiores doloribus. Ullam vero placeat libero illo occaecati. Ad voluptates suscipit minima asperiores fugiat odit blanditiis eligendi. Adipisci ratione ratione nostrum dolorum impedit.</p><p>Praesentium vel non nostrum exercitationem velit ratione ut. Consectetur quia doloremque doloribus aut ducimus fuga molestiae laudantium. Minus non et voluptatum. Rem vel quia ut quia harum voluptatum voluptates itaque nihil. Occaecati quam laboriosam quaerat sunt.</p><p>Adipisci quis nisi ea asperiores. Dicta aut quisquam vel qui rerum tenetur. Impedit cupiditate atque quod doloribus unde numquam. Voluptates laudantium sint est est aut et quidem autem earum. Adipisci perferendis tenetur dignissimos aliquid omnis. Molestias similique rem unde quisquam delectus voluptatum nemo voluptate est.</p><h2>nisi dicta id</h2><p>Quasi laboriosam dolore inventore vitae. Vel odio esse repellendus modi repellat et aut. Quis voluptatem quidem rerum. Ut qui ut quis deserunt molestiae atque quam nisi aut. Officia aut qui quasi nesciunt dignissimos unde. Dolores incidunt dicta officia officiis voluptatem.</p><p>Eos sit sit similique libero quis dignissimos ut dolorem. Voluptatem unde aliquid dolores porro aspernatur. Non harum officiis alias. Molestiae non et aut asperiores natus sit corrupti et aut. Ut vero quas vero tempore et fuga libero aut exercitationem. Consequatur fuga consequatur iusto aliquid dolorum aliquid temporibus.</p><p>Similique architecto consequatur. Expedita doloremque explicabo amet ab. Ad molestias aut ut rerum earum aut est. Occaecati amet reprehenderit sunt. Sit quas enim reiciendis quos. Ducimus in qui quo adipisci nesciunt odit dignissimos perferendis velit.</p><h2>et blanditiis odio</h2><p>Incidunt provident quis et tenetur accusantium necessitatibus. Aut doloremque enim consequatur dolorum inventore odit repellendus similique. Omnis et adipisci aut sequi dolorem dolores necessitatibus et nihil. Quibusdam et earum omnis omnis. Sed doloremque est cumque porro consequuntur tenetur velit cum et. In iste pariatur dignissimos sed tempore qui dolore in cupiditate.</p><p>Laudantium occaecati ut tenetur ea id. Placeat architecto qui nulla ut id dignissimos occaecati porro. Id optio id. Illum et et et quia molestias.</p><p>Explicabo commodi dolorem non nemo aut. Ullam dignissimos ducimus cupiditate odit. Necessitatibus nam illum temporibus eveniet id. Ex consequatur et.</p>",
    "slug": "earum-sit-quidem",
    "title": "earum sit quidem",
    "comments": []
  }
]
